<?xml version="1.0" encoding="UTF-8"?>
<project xmlns="http://maven.apache.org/POM/4.0.0" xmlns:xsi="http://www.w3.org/2001/XMLSchema-instance" xsi:schemaLocation="http://maven.apache.org/POM/4.0.0 http://maven.apache.org/maven-v4_0_0.xsd">
  <parent>
    <artifactId>storm</artifactId>
    <groupId>org.apache.storm</groupId>
    <version>1.0.3</version>
    <relativePath>../../pom.xml</relativePath>
  </parent>
  <modelVersion>4.0.0</modelVersion>
  <groupId>org.apache.storm</groupId>
  <artifactId>storm-starter</artifactId>
  <name>storm-starter</name>
  <build>
    <sourceDirectory>src/jvm</sourceDirectory>
    <testSourceDirectory>test/jvm</testSourceDirectory>
    <resources>
      <resource>
        <directory>${basedir}/multilang</directory>
      </resource>
    </resources>
    <plugins>
      <plugin>
        <artifactId>maven-shade-plugin</artifactId>
        <executions>
          <execution>
            <phase>package</phase>
            <goals>
              <goal>shade</goal>
            </goals>
            <configuration>
              <transformers>
                <transformer />
                <transformer />
              </transformers>
            </configuration>
          </execution>
        </executions>
        <configuration>
          <createDependencyReducedPom>true</createDependencyReducedPom>
        </configuration>
      </plugin>
      <plugin>
        <groupId>com.theoryinpractise</groupId>
        <artifactId>clojure-maven-plugin</artifactId>
        <extensions>true</extensions>
        <executions>
          <execution>
            <id>compile</id>
            <phase>compile</phase>
            <goals>
              <goal>compile</goal>
            </goals>
          </execution>
        </executions>
        <configuration>
          <sourceDirectories>
            <sourceDirectory>src/clj</sourceDirectory>
          </sourceDirectories>
        </configuration>
      </plugin>
      <plugin>
        <groupId>org.codehaus.mojo</groupId>
        <artifactId>exec-maven-plugin</artifactId>
        <version>1.2.1</version>
        <executions>
          <execution>
            <goals>
              <goal>exec</goal>
            </goals>
          </execution>
        </executions>
        <configuration>
          <executable>java</executable>
          <includeProjectDependencies>true</includeProjectDependencies>
          <includePluginDependencies>false</includePluginDependencies>
          <classpathScope>compile</classpathScope>
          <mainClass>${storm.topology}</mainClass>
        </configuration>
      </plugin>
    </plugins>
  </build>
  <profiles>
    <profile>
      <id>intellij</id>
      <properties>
        <provided.scope>compile</provided.scope>
      </properties>
    </profile>
  </profiles>
  <dependencies>
    <dependency>
      <groupId>junit</groupId>
      <artifactId>junit</artifactId>
      <version>4.11</version>
      <scope>test</scope>
      <exclusions>
        <exclusion>
          <artifactId>hamcrest-core</artifactId>
          <groupId>org.hamcrest</groupId>
        </exclusion>
      </exclusions>
    </dependency>
    <dependency>
      <groupId>org.testng</groupId>
      <artifactId>testng</artifactId>
      <version>6.8.5</version>
      <scope>test</scope>
      <exclusions>
        <exclusion>
          <artifactId>bsh</artifactId>
          <groupId>org.beanshell</groupId>
        </exclusion>
        <exclusion>
          <artifactId>jcommander</artifactId>
          <groupId>com.beust</groupId>
        </exclusion>
      </exclusions>
    </dependency>
    <dependency>
      <groupId>org.mockito</groupId>
      <artifactId>mockito-all</artifactId>
      <version>1.9.5</version>
      <scope>test</scope>
    </dependency>
    <dependency>
      <groupId>org.easytesting</groupId>
      <artifactId>fest-assert-core</artifactId>
      <version>2.0M8</version>
      <scope>test</scope>
      <exclusions>
        <exclusion>
          <artifactId>fest-util</artifactId>
          <groupId>org.easytesting</groupId>
        </exclusion>
      </exclusions>
    </dependency>
    <dependency>
      <groupId>org.jmock</groupId>
      <artifactId>jmock</artifactId>
      <version>2.6.0</version>
      <scope>test</scope>
      <exclusions>
        <exclusion>
          <artifactId>hamcrest-library</artifactId>
          <groupId>org.hamcrest</groupId>
        </exclusion>
        <exclusion>
          <artifactId>hamcrest-core</artifactId>
          <groupId>org.hamcrest</groupId>
        </exclusion>
      </exclusions>
    </dependency>
    <dependency>
      <groupId>org.apache.storm</groupId>
      <artifactId>storm-core</artifactId>
      <version>1.0.3</version>
      <scope>provided</scope>
      <exclusions>
        <exclusion>
          <artifactId>kryo</artifactId>
          <groupId>com.esotericsoftware</groupId>
        </exclusion>
        <exclusion>
          <artifactId>clojure</artifactId>
          <groupId>org.clojure</groupId>
        </exclusion>
        <exclusion>
          <artifactId>log4j-api</artifactId>
          <groupId>org.apache.logging.log4j</groupId>
        </exclusion>
        <exclusion>
          <artifactId>log4j-core</artifactId>
          <groupId>org.apache.logging.log4j</groupId>
        </exclusion>
        <exclusion>
          <artifactId>log4j-slf4j-impl</artifactId>
          <groupId>org.apache.logging.log4j</groupId>
        </exclusion>
        <exclusion>
          <artifactId>log4j-over-slf4j</artifactId>
          <groupId>org.slf4j</groupId>
        </exclusion>
      </exclusions>
    </dependency>
    <dependency>
      <groupId>org.apache.storm</groupId>
      <artifactId>storm-core</artifactId>
      <version>1.0.3</version>
      <type>test-jar</type>
      <scope>test</scope>
      <exclusions>
        <exclusion>
          <artifactId>kryo</artifactId>
          <groupId>com.esotericsoftware</groupId>
        </exclusion>
        <exclusion>
          <artifactId>clojure</artifactId>
          <groupId>org.clojure</groupId>
        </exclusion>
        <exclusion>
          <artifactId>log4j-api</artifactId>
          <groupId>org.apache.logging.log4j</groupId>
        </exclusion>
        <exclusion>
          <artifactId>log4j-core</artifactId>
          <groupId>org.apache.logging.log4j</groupId>
        </exclusion>
        <exclusion>
          <artifactId>log4j-slf4j-impl</artifactId>
          <groupId>org.apache.logging.log4j</groupId>
        </exclusion>
        <exclusion>
          <artifactId>log4j-over-slf4j</artifactId>
          <groupId>org.slf4j</groupId>
        </exclusion>
      </exclusions>
    </dependency>
    <dependency>
      <groupId>org.apache.storm</groupId>
      <artifactId>storm-kafka</artifactId>
      <version>1.0.3</version>
      <scope>provided</scope>
      <exclusions>
        <exclusion>
          <artifactId>json-simple</artifactId>
          <groupId>com.googlecode.json-simple</groupId>
        </exclusion>
      </exclusions>
    </dependency>
  </dependencies>
  <properties>
    <hbase.version>0.98.4-hadoop2</hbase.version>
    <provided.scope>provided</provided.scope>
    <project.build.sourceEncoding>UTF-8</project.build.sourceEncoding>
  </properties>
</project>

