<?xml version="1.0"?>
<class>
    <student rollno="393">
        <firstname>dinkar</firstname>
        <lastname>kadkadkad</lastname>
        <nickname>dinkar</nickname>
        <marks>85</marks>
    </student>
    <student rollno="493">
        <firstname>Vaneet</firstname>
        <lastname>Gupta</lastname>
        <nickname>vinni</nickname>
        <marks>95</marks>
    </student>
    <student rollno="593">
        <firstname>jasvirjazz</firstname>
        <lastname>singn</lastname>
        <nickname>jazz</nickname>
        <marks>90</marks>
    </student>
    <student rollno="5931">
        <firstname>jasvir1</firstname>
        <lastname>singn1</lastname>
        <nickname>jazz1</nickname>
        <marks>901</marks>
    </student>
    <student rollno="5932">
        <firstname>jasvir2</firstname>
        <lastname>singn2</lastname>
        <nickname>jazz2</nickname>
        <marks>902</marks>
    </student>
    <student rollno="5933">
        <firstname>jasvir3</firstname>
        <lastname>singn3</lastname>
        <nickname>jazz3</nickname>
        <marks>903</marks>
    </student>
    <student rollno="5932">
        <firstname>jasvir2</firstname>
        <lastname>singn2</lastname>
        <nickname>jazz2</nickname>
        <marks>902</marks>
    </student>
    <student rollno="5933">
        <firstname>jasvir3</firstname>
        <lastname>singn3</lastname>
        <nickname>jazz3</nickname>
        <marks>903</marks>
    </student>
    <student rollno="5932">
        <firstname>jasvir2</firstname>
        <lastname>singn2</lastname>
        <nickname>jazz2</nickname>
        <marks>902</marks>
    </student>
    <student rollno="5933">
        <firstname>jasvir3</firstname>
        <lastname>singn3</lastname>
        <nickname>jazz3</nickname>
        <marks>903</marks>
    </student>    <student rollno="5932">
    <firstname>jasvir2</firstname>
    <lastname>singn2</lastname>
    <nickname>jazz2</nickname>
    <marks>902</marks>
</student>
    <student rollno="5933">
        <firstname>jasvir3</firstname>
        <lastname>singn3</lastname>
        <nickname>jazz3</nickname>
        <marks>903</marks>
    </student>    <student rollno="5932">
    <firstname>jasvir2</firstname>
    <lastname>singn2</lastname>
    <nickname>jazz2</nickname>
    <marks>902</marks>
</student>
    <student rollno="5933">
        <firstname>jasvir3</firstname>
        <lastname>singn3</lastname>
        <nickname>jazz3</nickname>
        <marks>903</marks>
    </student>    <student rollno="5932">
    <firstname>jasvir2</firstname>
    <lastname>singn2</lastname>
    <nickname>jazz2</nickname>
    <marks>902</marks>
</student>
    <student rollno="5933">
        <firstname>jasvir3</firstname>
        <lastname>singn3</lastname>
        <nickname>jazz3</nickname>
        <marks>903</marks>
    </student>
    <student rollno="5933">
        <firstname>jasvir3</firstname>
        <lastname>singn3</lastname>
        <nickname>jazz3</nickname>
        <marks>903</marks>
    </student>    <student rollno="5932">
    <firstname>jasvir2</firstname>
    <lastname>singn2</lastname>
    <nickname>jazz2</nickname>
    <marks>902</marks>
</student>
    <student rollno="5933">
        <firstname>jasvir3</firstname>
        <lastname>singn3</lastname>
        <nickname>jazz3</nickname>
        <marks>903</marks>
    </student>    <student rollno="5933">
    <firstname>jasvir3</firstname>
    <lastname>singn3</lastname>
    <nickname>jazz3</nickname>
    <marks>903</marks>
</student>    <student rollno="5932">
    <firstname>jasvir2</firstname>
    <lastname>singn2</lastname>
    <nickname>jazz2</nickname>
    <marks>902</marks>
</student>
    <student rollno="5933">
        <firstname>jasvir3</firstname>
        <lastname>singn3</lastname>
        <nickname>jazz3</nickname>
        <marks>903</marks>
    </student>    <student rollno="5933">
    <firstname>jasvir3</firstname>
    <lastname>singn3</lastname>
    <nickname>jazz3</nickname>
    <marks>903</marks>
</student>    <student rollno="5932">
    <firstname>jasvir2</firstname>
    <lastname>singn2</lastname>
    <nickname>jazz2</nickname>
    <marks>902</marks>
</student>
    <student rollno="5933">
        <firstname>jasvir3</firstname>
        <lastname>singn3</lastname>
        <nickname>jazz3</nickname>
        <marks>903</marks>
    </student>    <student rollno="5933">
    <firstname>jasvir3</firstname>
    <lastname>singn3</lastname>
    <nickname>jazz3</nickname>
    <marks>903</marks>
</student>    <student rollno="5932">
    <firstname>jasvir2</firstname>
    <lastname>singn2</lastname>
    <nickname>jazz2</nickname>
    <marks>902</marks>
</student>
    <student rollno="5933">
        <firstname>jasvir3</firstname>
        <lastname>singn3</lastname>
        <nickname>jazz3</nickname>
        <marks>903</marks>
    </student>    <student rollno="5933">
    <firstname>jasvir3</firstname>
    <lastname>singn3</lastname>
    <nickname>jazz3</nickname>
    <marks>903</marks>
</student>    <student rollno="5932">
    <firstname>jasvir2</firstname>
    <lastname>singn2</lastname>
    <nickname>jazz2</nickname>
    <marks>902</marks>
</student>
    <student rollno="5933">
        <firstname>jasvir3</firstname>
        <lastname>singn3</lastname>
        <nickname>jazz3</nickname>
        <marks>903</marks>
    </student>    <student rollno="5933">
    <firstname>jasvir3</firstname>
    <lastname>singn3</lastname>
    <nickname>jazz3</nickname>
    <marks>903</marks>
</student>    <student rollno="5932">
    <firstname>jasvir2</firstname>
    <lastname>singn2</lastname>
    <nickname>jazz2</nickname>
    <marks>902</marks>
</student>
    <student rollno="5933">
        <firstname>jasvir3</firstname>
        <lastname>singn3</lastname>
        <nickname>jazz3</nickname>
        <marks>903</marks>
    </student>    <student rollno="5933">
    <firstname>jasvir3</firstname>
    <lastname>singn3</lastname>
    <nickname>jazz3</nickname>
    <marks>903</marks>
</student>    <student rollno="5932">
    <firstname>jasvir2</firstname>
    <lastname>singn2</lastname>
    <nickname>jazz2</nickname>
    <marks>902</marks>
</student>
    <student rollno="5933">
        <firstname>jasvir3</firstname>
        <lastname>singn3</lastname>
        <nickname>jazz3</nickname>
        <marks>903</marks>
    </student>
</class>